rate,agreement_rate_mean,agreement_rate_std,rank_corr_mean,rank_corr_std,if_precision_k_mean,if_precision_k_std,pnkif_precision_k_mean,pnkif_precision_k_std
0.0,0.29159999999999997,0.03238820086938384,0.37400028558145,0.015147277711470187,0.11453333333333333,0.009609254798254533,0.040266666666666666,0.0015549205052920816
0.01,0.2853333333333333,0.036575644598253874,0.394972058300063,0.021907147391526705,0.12053333333333334,0.010408543499345993,0.11880000000000002,0.002872087897138403
0.03,0.2614666666666667,0.02390127844093514,0.5004377580518978,0.03855190986533527,0.13946666666666666,0.00966459747969073,0.21506666666666666,0.004373658524495127
0.05,0.2496,0.023265042923283467,0.5113579319058289,0.04061637426132439,0.16053333333333333,0.008828237523864989,0.3017333333333333,0.01396248943101163
0.1,0.2401333333333333,0.005694441734416691,0.525420680851056,0.04603211991065155,0.21133333333333332,0.008954204474869767,0.3877333333333334,0.013614371491593398
